{"errors":[],"warnings":[],"namedChunkGroups":{"app":{"chunks":[11,0,5],"assets":["webpack-runtime-b139ff001059c1816692.js","webpack-runtime-b139ff001059c1816692.js.map","styles.c3bc144d9cc93e0ab8fb.css","styles-d809d5539c2b800d1de1.js","styles-d809d5539c2b800d1de1.js.map","app-7149ea4498ad40f99057.525256900f2a76792931b91b69efad0f.js","app-7149ea4498ad40f99057.525256900f2a76792931b91b69efad0f.js.map"],"children":{},"childAssets":{}},"component---src-components-background-template-tsx":{"chunks":[0,1,4,6],"assets":["styles.c3bc144d9cc93e0ab8fb.css","styles-d809d5539c2b800d1de1.js","styles-d809d5539c2b800d1de1.js.map","1-56d6955443600da81749.js","1-56d6955443600da81749.js.map","4-d2ed60ba539d156218f0.js","4-d2ed60ba539d156218f0.js.map","component---src-components-background-template-tsx-dba87f09e6a1540858d2.js","component---src-components-background-template-tsx-dba87f09e6a1540858d2.js.map"],"children":{},"childAssets":{}},"component---src-components-list-template-tsx":{"chunks":[0,1,2,3,7],"assets":["styles.c3bc144d9cc93e0ab8fb.css","styles-d809d5539c2b800d1de1.js","styles-d809d5539c2b800d1de1.js.map","1-56d6955443600da81749.js","1-56d6955443600da81749.js.map","2-5f91252f3b2a0d597922.js","2-5f91252f3b2a0d597922.js.map","3-6ab13709bde21abc902a.js","3-6ab13709bde21abc902a.js.map","component---src-components-list-template-tsx-b40ab7c2b685c6b72fac.js","component---src-components-list-template-tsx-b40ab7c2b685c6b72fac.js.map"],"children":{},"childAssets":{}},"component---src-pages-404-tsx":{"chunks":[0,1,8],"assets":["styles.c3bc144d9cc93e0ab8fb.css","styles-d809d5539c2b800d1de1.js","styles-d809d5539c2b800d1de1.js.map","1-56d6955443600da81749.js","1-56d6955443600da81749.js.map","component---src-pages-404-tsx-b77d4c5fa2e377134b41.js","component---src-pages-404-tsx-b77d4c5fa2e377134b41.js.map"],"children":{},"childAssets":{}},"component---src-pages-index-tsx":{"chunks":[0,1,2,4,9],"assets":["styles.c3bc144d9cc93e0ab8fb.css","styles-d809d5539c2b800d1de1.js","styles-d809d5539c2b800d1de1.js.map","1-56d6955443600da81749.js","1-56d6955443600da81749.js.map","2-5f91252f3b2a0d597922.js","2-5f91252f3b2a0d597922.js.map","4-d2ed60ba539d156218f0.js","4-d2ed60ba539d156218f0.js.map","component---src-pages-index-tsx-b813e18da57fe7687fb0.js","component---src-pages-index-tsx-b813e18da57fe7687fb0.js.map"],"children":{},"childAssets":{}},"component---src-pages-new-tsx":{"chunks":[0,1,2,3,10],"assets":["styles.c3bc144d9cc93e0ab8fb.css","styles-d809d5539c2b800d1de1.js","styles-d809d5539c2b800d1de1.js.map","1-56d6955443600da81749.js","1-56d6955443600da81749.js.map","2-5f91252f3b2a0d597922.js","2-5f91252f3b2a0d597922.js.map","3-6ab13709bde21abc902a.js","3-6ab13709bde21abc902a.js.map","component---src-pages-new-tsx-b89c9bf2c4cc2ff06b68.js","component---src-pages-new-tsx-b89c9bf2c4cc2ff06b68.js.map"],"children":{},"childAssets":{}}},"assetsByChunkName":{"app":["webpack-runtime-b139ff001059c1816692.js","styles.c3bc144d9cc93e0ab8fb.css","styles-d809d5539c2b800d1de1.js","app-7149ea4498ad40f99057.525256900f2a76792931b91b69efad0f.js"],"component---src-components-background-template-tsx":["styles.c3bc144d9cc93e0ab8fb.css","styles-d809d5539c2b800d1de1.js","1-56d6955443600da81749.js","4-d2ed60ba539d156218f0.js","component---src-components-background-template-tsx-dba87f09e6a1540858d2.js"],"component---src-components-list-template-tsx":["styles.c3bc144d9cc93e0ab8fb.css","styles-d809d5539c2b800d1de1.js","1-56d6955443600da81749.js","2-5f91252f3b2a0d597922.js","3-6ab13709bde21abc902a.js","component---src-components-list-template-tsx-b40ab7c2b685c6b72fac.js"],"component---src-pages-404-tsx":["styles.c3bc144d9cc93e0ab8fb.css","styles-d809d5539c2b800d1de1.js","1-56d6955443600da81749.js","component---src-pages-404-tsx-b77d4c5fa2e377134b41.js"],"component---src-pages-index-tsx":["styles.c3bc144d9cc93e0ab8fb.css","styles-d809d5539c2b800d1de1.js","1-56d6955443600da81749.js","2-5f91252f3b2a0d597922.js","4-d2ed60ba539d156218f0.js","component---src-pages-index-tsx-b813e18da57fe7687fb0.js"],"component---src-pages-new-tsx":["styles.c3bc144d9cc93e0ab8fb.css","styles-d809d5539c2b800d1de1.js","1-56d6955443600da81749.js","2-5f91252f3b2a0d597922.js","3-6ab13709bde21abc902a.js","component---src-pages-new-tsx-b89c9bf2c4cc2ff06b68.js"]}}